{
  "Q3.1.4" : {
    "MaeGlobalMethod" : 0.9680487750000057,
    "MaePerUserMethod" : 0.8501912740150506,
    "MaePerItemMethod" : 0.8275684032890006,
    "MaeBaselineMethod" : 0.768055237211823
  },
  "Q3.1.5" : {
    "DurationInMicrosecForPerItemMethod" : {
      "min" : 338.550721,
      "max" : 433.410937,
      "average" : 369.269741,
      "stddev" : 29.600843558919465
    },
    "RatioBetweenBaselineMethodAndGlobalMethod" : 21.0680123620164,
    "DurationInMicrosecForGlobalMethod" : {
      "min" : 59.002103,
      "max" : 133.840394,
      "average" : 70.13121845454545,
      "stddev" : 20.415546114971136
    },
    "DurationInMicrosecForPerUserMethod" : {
      "min" : 390.378555,
      "max" : 508.95199,
      "average" : 425.8486762727273,
      "stddev" : 33.9893949126048
    },
    "DurationInMicrosecForBaselineMethod" : {
      "min" : 1456.877239,
      "max" : 1508.40108,
      "average" : 1477.5253773636362,
      "stddev" : 16.462688013817832
    }
  }
}