{
  "Q3.1.4" : {
    "MaeGlobalMethod" : 0.9680487750000057,
    "MaePerUserMethod" : 0.8501912740150506,
    "MaePerItemMethod" : 0.8275684032890006,
    "MaeBaselineMethod" : 0.768055237211823
  },
  "Q3.1.5" : {
    "DurationInMicrosecForPerItemMethod" : {
      "min" : 378.103817,
      "max" : 626.109078,
      "average" : 455.8333485454545,
      "stddev" : 67.73140733245278
    },
    "RatioBetweenBaselineMethodAndGlobalMethod" : 19.437315606353696,
    "DurationInMicrosecForGlobalMethod" : {
      "min" : 64.683598,
      "max" : 120.536541,
      "average" : 82.33799036363637,
      "stddev" : 16.17522427884764
    },
    "DurationInMicrosecForPerUserMethod" : {
      "min" : 411.4097,
      "max" : 535.935226,
      "average" : 462.4047235454545,
      "stddev" : 31.047500107005945
    },
    "DurationInMicrosecForBaselineMethod" : {
      "min" : 1430.922837,
      "max" : 2049.804944,
      "average" : 1600.4295050909093,
      "stddev" : 211.6212830196095
    }
  }
}