{
  "Q3.1.4" : {
    "MaeGlobalMethod" : 0.9680487750000057,
    "MaePerUserMethod" : 0.8501912740150407,
    "MaePerItemMethod" : 0.8275684032889947,
    "MaeBaselineMethod" : 0.768055237211823
  },
  "Q3.1.5" : {
    "DurationInMicrosecForPerItemMethod" : {
      "min" : 283498.764,
      "max" : 919355.833,
      "average" : 407795.9741818182,
      "stddev" : 179744.56595068183
    },
    "RatioBetweenBaselineMethodAndGlobalMethod" : 16.700518233384887,
    "DurationInMicrosecForGlobalMethod" : {
      "min" : 84801.315,
      "max" : 122379.498,
      "average" : 97427.81327272728,
      "stddev" : 13452.122099958424
    },
    "DurationInMicrosecForPerUserMethod" : {
      "min" : 348205.048,
      "max" : 713184.832,
      "average" : 487954.3780000001,
      "stddev" : 124602.91368812606
    },
    "DurationInMicrosecForBaselineMethod" : {
      "min" : 1475911.657,
      "max" : 2239238.12,
      "average" : 1627094.972,
      "stddev" : 246321.19900667272
    }
  }
}