{
  "Q4.1.1" : [ [ 814, "Great Day in Harlem", 5.0 ], [ 1122, "They Made Me a Criminal (1939)", 5.0 ], [ 1189, "Prefontaine (1997)", 5.0 ], [ 1201, "Marlene Dietrich: Shadow and Light (1996)", 5.0 ], [ 1293, "Star Kid (1997)", 5.0 ] ],
  "Q4.1.2" : [ [ 318, "Schindler's List (1993)", 4.498194363917814 ], [ 483, "Casablanca (1942)", 4.4502105425818375 ], [ 603, "Rear Window (1954)", 4.331481357877944 ], [ 313, "Titanic (1997)", 4.32081402785813 ], [ 357, "One Flew Over the Cuckoo's Nest (1975)", 4.303112376090475 ] ]
}