{
  "Q4.1.1" : [ [ 814, "Great Day in Harlem", 5.0 ], [ 1122, "They Made Me a Criminal (1939)", 5.0 ], [ 1189, "Prefontaine (1997)", 5.0 ], [ 1201, "Marlene Dietrich: Shadow and Light (1996)", 5.0 ], [ 1293, "Star Kid (1997)", 5.0 ] ],
  "Q4.1.2" : [ [ 1189, "Prefontaine (1997)", 4.8551478948949 ], [ 1293, "Star Kid (1997)", 4.8551478948949 ], [ 1467, "Saint of Fort Washington", 4.854465434877738 ], [ 1500, "Santa with Muscles (1996)", 4.854465434877738 ], [ 814, "Great Day in Harlem", 4.853788284273999 ] ]
}